<?xml version="1.0" encoding="utf-8"?>
<desktop version="1.1.1"><addressbar visible="false"/><grid><currentrow><background visible="true"><color>$00C0FFFF</color></background></currentrow><font><charset>1</charset><color>clWindowText</color><name>Microsoft Sans Serif</name><size>9</size><style></style></font><memo visible="false"/><null visible="true"><background visible="false"><color>$00E0F0E0</color></background></null><maxcolumnwidth>100</maxcolumnwidth><row><background visible="true"/></row></grid><height>625</height><language><file>ChineseSimp.ini</file></language><left>120</left><log><font><charset>1</charset><color>clWindowText</color><name>Courier New</name><size>8</size><style></style></font><highlighting visible="false"/><size>102400</size><dbresult visible="false"/><time visible="false"/></log><windowstate>Maximized</windowstate><toolbar><objects visible="true"/><browser visible="true"/><ide visible="false"/><builder visible="false"/><diagram visible="false"/><editor visible="true"/><editor2 visible="false"/><editor3 visible="false"/></toolbar><sql><font><charset>1</charset><color>clWindowText</color><name>Courier New</name><size>9</size><style></style></font><highlighting><comment><color>clGreen</color><background><color>clNone</color></background><style>Italic</style></comment><conditional><color>clTeal</color><background><color>clNone</color></background><style></style></conditional><datatype><color>clMaroon</color><background><color>clNone</color></background><style>Bold</style></datatype><function><color>clNavy</color><background><color>clNone</color></background><style>Bold</style></function><identifier><color>clNone</color><background><color>clNone</color></background><style></style></identifier><keyword><color>clNavy</color><background><color>clNone</color></background><style>Bold</style></keyword><linenumbers><color>clNavy</color><background><color>clNone</color></background><style></style></linenumbers><number><color>clBlue</color><background><color>clNone</color></background><style></style></number><string><color>clBlue</color><background><color>clNone</color></background><style></style></string><symbol><color>clNone</color><background><color>clNone</color></background><style></style></symbol><variable><color>clGreen</color><background><color>clNone</color></background><style></style></variable></highlighting></sql><tabs visible="false"/><top>182</top><updates><check>Never</check><lastcheck>25/08/15</lastcheck></updates><width>1200</width><database><height>406</height><width>343</width></database><editor><autoindent enabled="true"/><currentrow><background visible="true"><color>$00C0FFFF</color></background></currentrow><linenumbers visible="true"/><rightedge visible="true"><position>80</position></rightedge><tabs accepted="true" tospace="true"><size>2</size></tabs><wordwrap>False</wordwrap></editor><event><height>-1</height><width>-1</width></event><export><height>359</height><width>347</width><csv><headline enabled="false"/><quote><string>"</string><type>Nothing</type></quote><separator><character><string>,</string><type>Standard</type></character></separator></csv><excel><format></format></excel><html><data enabled="true"/><memo visible="false"/><null visible="false"/><structure enabled="false"/></html><grid><row><background visible="false"/></row></grid><sql><data enabled="true" replace="false"/><structure enabled="true" drop="true"/></sql><xml><database type="Disabled" attribute="name">database</database><field type="Name" attribute="name">field</field><record>row</record><root>mysql</root><table type="Disabled" attribute="name">table</table></xml></export><field><height>461</height><width>343</width></field><find><height>-1</height><width>-1</width><findtext><mru/></findtext><options>MatchCase</options></find><foreignkey><height>-1</height><width>-1</width></foreignkey><host><height>-1</height><width>-1</width></host><import><height>559</height><width>634</width><csv><headline enabled="False"/><quote><string>"</string><type>Nothing</type></quote><separator><character><string>,</string><type>Standard</type></character></separator></csv><data enabled="-1"><importtype>Insert</importtype></data><structure charset="" collation="" enabled="true" engine="" rowtype=""/></import><index><height>469</height><width>343</width></index><odbc><height>-1</height><width>-1</width></odbc><paste><data>False</data></paste><replace><height>-1</height><width>-1</width><backup enabled="true"/><findtext><mru/></findtext><options>MatchCase</options><replacetext><mru/></replacetext></replace><routine><height>-1</height><width>-1</width></routine><server><height>-1</height><width>-1</width></server><account><height>391</height><width>319</width></account><accounts><height>308</height><width>343</width><selectorder>0</selectorder></accounts><sqlhelp><height>605</height><width>516</width><left>542</left><top>128</top></sqlhelp><statement><height>-1</height><width>-1</width></statement><table><height>405</height><width>343</width></table><tableservice><height>-1</height><width>-1</width><analyze enabled="false"/><check enabled="false"/><flush enabled="false"/><optimize enabled="false"/><repair enabled="false"/></tableservice><transfer><height>-1</height><width>-1</width><data enabled="true"/><structure enabled="false"/></transfer><trigger><height>-1</height><width>-1</width></trigger><user><height>323</height><width>343</width></user><view><height>-1</height><width>-1</width></view></desktop>
