<?xml version="1.0" encoding="iso-8859-1"?>
<XML_DIZ_INFO>
	<MASTER_PAD_VERSION_INFO>
		<MASTER_PAD_VERSION>1.00</MASTER_PAD_VERSION>
		<MASTER_PAD_INFO>Portable Application Description, or PAD for short, is a data set that is used by shareware authors to dissemminate information to anyone interested in their software products.  To find out more go to http://www.asp-shareware.org/pad</MASTER_PAD_INFO>
	</MASTER_PAD_VERSION_INFO>
	<Company_Info>
		<Company_Name>Nils Hoyer</Company_Name>
		<Address_1>Hopfenweg 207</Address_1>
		<Address_2/>
		<City_Town>Norderstedt</City_Town>
		<Zip_Postal_Code>22851</Zip_Postal_Code>
		<State_Province/>
		<Country>Germany</Country>
		<Company_WebSite_URL>http://www.mysqlfront.de/</Company_WebSite_URL>
		<Contact_Info>
			<Author_First_Name>Nils</Author_First_Name>
			<Author_Last_Name>Hoyer</Author_Last_Name>
			<Author_Email/>
			<Contact_First_Name/>
			<Contact_Last_Name/>
			<Contact_Email/>
		</Contact_Info>
		<Support_Info>
			<General_Email/>
			<Support_Email/>
			<Sales_Email/>
			<General_Phone/>
			<Support_Phone/>
			<Sales_Phone/>
			<Fax_Phone/>
		</Support_Info>
	</Company_Info>
	<Program_Info>
		<Program_Name>MySQL-Front</Program_Name>
		<Program_Version>5.1</Program_Version>
		<Program_Version_Major>5</Program_Version_Major>
		<Program_Version_Minor>1</Program_Version_Minor>
		<Program_Version_Patch>4</Program_Version_Patch>
		<Program_Version_Build>2</Program_Version_Build>
		<Program_Release_Year>2009</Program_Release_Year>
		<Program_Release_Month>09</Program_Release_Month>
		<Program_Release_Day>29</Program_Release_Day>
		<Program_Type>Shareware</Program_Type>
		<Program_Release_Status>New Release</Program_Release_Status>
		<Program_Cost_Dollars>35.00</Program_Cost_Dollars>
		<Program_Cost_Other>35.00</Program_Cost_Other>
		<Program_Cost_Other_Code>EUR</Program_Cost_Other_Code>
		<Program_Specific_Categories>Development Tools</Program_Specific_Categories>
		<Program_Category_Class>Development::Other</Program_Category_Class>
		<Program_Categories>Database Tools</Program_Categories>
		<Program_Language>Arabic,Bulgarian,Catalan,ChineseSimplified,ChineseTraditional,Croatian,Czech,Danish,Dutch,English,French,German,Greek,Hungarian,Indonesian,Italian,Japanese,Korean,Lithuanian,Norwegian,Polish,Portuguese,Romanian,Russian,Serbian,Slovak,Spanish,Swedish,Thai,Turkish,Ukrainian</Program_Language>
		<Program_OS_Support>Win95,Win98,WinME,WinNT 4.x,WinXP,Windows2000,Windows2003,Windows Vista Starter,Windows Vista Home Basic,Windows Vista Home Premium,Windows Vista Business,Windows Vista Enterprise,Windows Vista Ultimate,Windows Vista Home Basic x64,Windows Vista Home Premium x64,Windows Vista Business x64,Windows Vista Enterprise x64,Windows Vista Ultimate x64</Program_OS_Support>
		<Program_Install_Support>Install and Uninstall</Program_Install_Support>
		<Program_System_Requirements/>
		<Includes_VB_Runtime/>
		<Includes_JAVA_VM/>
		<Includes_DirectX/>
		<File_Info>
			<Filename_Long>MySQL-Front_Setup.exe</Filename_Long>
			<Filename_Generic>Front.exe</Filename_Generic>
			<Filename_Versioned>Front05.exe</Filename_Versioned>
			<File_Size_Bytes>3790839</File_Size_Bytes>
			<File_Size_K>3701</File_Size_K>
			<File_Size_MB>3</File_Size_MB>
		</File_Info>
		<Expire_Info>
			<Has_Expire_Info>Y</Has_Expire_Info>
			<Expire_Count>30</Expire_Count>
			<Expire_Based_On>Days</Expire_Based_On>
			<Expire_Year />
			<Expire_Month />
			<Expire_Day />
			<Expire_Other_Info />
		</Expire_Info>
	</Program_Info>
	<Program_Descriptions>
		<English>
			<Keywords>mysql, mysql GUI, mysql frontend, mysql front end, mysql GUI frontend, mysql administrator, php, mysql windows, database frontend, mysql database, mysql GUI tool</Keywords>
			<Char_Desc_45>MySQL-Front MySQL GUI front end administrator</Char_Desc_45>
			<Char_Desc_80>MySQL-Front MySQL GUI for database changes, data editing, SQL queries and more</Char_Desc_80>
			<Char_Desc_250>MySQL-Front is a GUI frontend for MySQL. Full database admin features and an advanced SQL editor gives contol of database structure and data. Other features: Import or Export data in other formats, image viewer for Blobs, PHP tunnel access and more.</Char_Desc_250>
			<Char_Desc_450>MySQL-Front is a GUI frontend for MySQL. Full database admin features with an advanced SQL editor lets users contol the data, structure and host/server features of their MySQL database.  PHP tunnel feature allows access to ISP restricted databases. Other features are data import/Export to or from various formats, Blob Hex editor &amp; image viewer, logging &amp; display of SQL scripts, search &amp; edit data functions, and more.</Char_Desc_450>
			<Char_Desc_2000>MySQL-Front is a GUI frontend that offers a complete solution to your MySQL projects.  Full database administration features with an advanced SQL editor lets users contol the data, structure and host/server features of their MySQL databases. The great features of MySQL-Front make even the most complicated data manipulation easy. Code completetion, display and logging of SQL scripts, syntax highlighting, table/database synchonization, and advanced search and edit functions give users complete data control. Data import functions allow users to gather data from various sources such as any ODBC source, SQL files, CSV format text files and MS access files. Data can then be transformed into other formats with the export features which will create SQL files, CSV format text files, HTML, XML, and other mysql databases.  Blob hex editor and image viewer give added control to this data type. Database structure can be modified to fit users needs by adding or deleting databases, tables, fields and more.  Administrative duties such as modicication of user rights, server variables and security settings can be quickly performed through the System Tools window. ISP restricted databases can be accessed through the PHP tunnel feature. MySQL-Front's intuitive interface makes it easy to learn.  The custom options can make the interface even more user friendly by allowing different skins, fonts, and SQL syntax color.  Users also have the choice of over 25 different languages to choose from.</Char_Desc_2000>
		</English>
		<German>
			<Keywords />
			<Char_Desc_45 />
			<Char_Desc_80 />
			<Char_Desc_250 />
			<Char_Desc_450 />
			<Char_Desc_2000 />
		</German>
	</Program_Descriptions>
	<Web_Info>
		<Application_URLs>
			<Application_Info_URL>http://www.mysqlfront.de/</Application_Info_URL>
			<Application_Order_URL>http://www.mysqlfront.de/purchase.html</Application_Order_URL>
			<Application_Screenshot_URL>http://www.mysqlfront.de/images/screen1.png</Application_Screenshot_URL>
			<Application_Icon_URL>http://www.mysqlfront.de/images/pad_file.png</Application_Icon_URL>
			<Application_XML_File_URL>http://www.mysqlfront.de/pub/pad_file.xml</Application_XML_File_URL>
		</Application_URLs>
		<Download_URLs>
			<Primary_Download_URL>http://www.mysqlfront.de/pub/MySQL-Front_Setup.exe</Primary_Download_URL>
		</Download_URLs>
		<News_URLs>
			<RSS_URL>http://www.mysqlfront.de/rss.xml</RSS_URL>
		</News_URLs>
	</Web_Info>
</XML_DIZ_INFO>
