<?xml version="1.0" encoding="utf-8"?>
<desktop version="1.3.1"><datagrid><height>150</height><blob><height>100</height></blob></datagrid><editor><content></content><files/></editor><editor2><content></content></editor2><editor3><content></content></editor3><log><height>80</height><visible>False</visible></log><objects><server><widths><name>-1</name><count>-1</count><size>-1</size><created>-1</created><extras>-1</extras></widths></server><database><widths><name>-1</name><type>-1</type><recordcount>-1</recordcount><size>-1</size><updated>-1</updated><extras>-1</extras><comment>-1</comment></widths></database><table><widths><name>-1</name><type>-1</type><null>-1</null><default>-1</default><extras>-1</extras><comment>-1</comment></widths></table><processes><widths><id>-1</id><user>-1</user><host>-1</host><database>-1</database><command>-1</command><statement>-1</statement><time>-1</time><state>-1</state></widths></processes><stati><widths><name>-1</name><value>-1</value></widths></stati><users><widths><name>-1</name><fullname>-1</fullname><comment>-1</comment></widths></users><variables><widths><name>-1</name><value>-1</value></widths></variables></objects><path>/</path><sidebar><explorer><folders><height>100</height></folders><files><filter>*.sql</filter></files></explorer><width>150</width><visible>Navigator</visible></sidebar><browser><databases><database name="information_schema"/><database name="performance_schema"/><database name="yzb_db_test"/></databases></browser></desktop>
