<?xml version="1.0" encoding="utf-8"?>
<accounts version="1.1.0"><account name="localhost"><lastlogin>43919.7274395718</lastlogin><manualurl>http://dev.mysql.com/doc/refman/5.5/en/</manualurl><manualurlfetched>True</manualurlfetched><connection><database></database><host>localhost</host><library><filename>libMySQL.dll</filename><pipename>MySQL</pipename><tunnel_url></tunnel_url></library><password encode="none">HPF12aAS11a#$</password><port>3306</port><user>root</user></connection></account><default>localhost</default><account name="localhsot"><lastlogin>43559.4905219097</lastlogin><manualurl>http://dev.mysql.com/doc/refman/5.5/en/</manualurl><manualurlfetched>True</manualurlfetched><connection><database></database><host>127.0.0.1</host><library><filename>libMySQL.dll</filename><pipename>MySQL</pipename><tunnel_url></tunnel_url></library><password encode="none">HMMM12waADXss</password><port>3306</port><user>b2b_c6</user></connection></account></accounts>
